{"stats":{"minecraft:broken":{"minecraft:iron_shovel":1,"minecraft:stone_axe":1,"minecraft:stone_shovel":1,"minecraft:stone_hoe":1},"minecraft:crafted":{"minecraft:oak_slab":18,"minecraft:oak_planks":76,"minecraft:stone_shovel":1,"minecraft:diamond_sword":1,"minecraft:barrel":2,"minecraft:diamond_axe":1,"minecraft:crafting_table":2,"minecraft:wooden_pickaxe":1,"minecraft:furnace":2,"minecraft:bone_meal":6,"minecraft:bucket":1,"minecraft:stone_axe":1,"minecraft:bread":64,"minecraft:air":0,"minecraft:oak_trapdoor":4,"minecraft:oak_boat":2,"minecraft:glass":96,"minecraft:diamond_helmet":1,"minecraft:diamond_leggings":1,"minecraft:diamond_pickaxe":1,"minecraft:white_dye":2,"minecraft:stick":24,"minecraft:iron_ingot":7,"minecraft:iron_pickaxe":2,"minecraft:stone_pickaxe":1,"minecraft:diamond_boots":1,"minecraft:iron_shovel":2,"minecraft:white_bed":2,"minecraft:composter":2,"minecraft:torch":8,"minecraft:stone_hoe":2,"minecraft:diamond_chestplate":1,"minecraft:wheat":495},"minecraft:custom":{"minecraft:interact_with_furnace":27,"minecraft:mob_kills":35,"minecraft:interact_with_crafting_table":30,"minecraft:open_barrel":6,"minecraft:leave_game":5,"minecraft:time_since_death":98679,"minecraft:sleep_in_bed":5,"minecraft:time_since_rest":30410,"minecraft:sprint_one_cm":223641,"minecraft:damage_taken":608,"minecraft:walk_one_cm":296314,"minecraft:drop":19,"minecraft:damage_dealt":6702,"minecraft:swim_one_cm":10077,"minecraft:fly_one_cm":423379,"minecraft:open_chest":12,"minecraft:crouch_one_cm":45659,"minecraft:play_time":98679,"minecraft:sneak_time":13962,"minecraft:walk_under_water_one_cm":3321,"minecraft:boat_one_cm":15737,"minecraft:jump":1654,"minecraft:walk_on_water_one_cm":10011,"minecraft:total_world_time":98679,"minecraft:fall_one_cm":46871},"minecraft:used":{"minecraft:oak_trapdoor":4,"minecraft:water_bucket":3,"minecraft:iron_shovel":432,"minecraft:stone_shovel":141,"minecraft:stone_pickaxe":94,"minecraft:wooden_pickaxe":3,"minecraft:composter":7,"minecraft:diamond_axe":1,"minecraft:stone_hoe":160,"minecraft:torch":9,"minecraft:dirt":323,"minecraft:crafting_table":7,"minecraft:white_bed":6,"minecraft:granite":3,"minecraft:glass":96,"minecraft:diamond_pickaxe":414,"minecraft:bread":20,"minecraft:iron_pickaxe":165,"minecraft:diamond_sword":18,"minecraft:barrel":2,"minecraft:stone_axe":83,"minecraft:cobblestone":37,"minecraft:hay_block":1,"minecraft:furnace":3,"minecraft:bucket":3,"minecraft:oak_boat":4,"minecraft:cobbled_deepslate":2,"minecraft:potato":13,"minecraft:bone_meal":4},"minecraft:picked_up":{"minecraft:crafting_table":6,"minecraft:azure_bluet":1,"minecraft:andesite":17,"minecraft:leather":1,"minecraft:potato":8,"minecraft:tuff":20,"minecraft:oak_log":19,"minecraft:yellow_bed":2,"minecraft:gunpowder":2,"minecraft:lapis_lazuli":30,"minecraft:string":3,"minecraft:dirt":497,"minecraft:iron_shovel":1,"minecraft:bone":8,"minecraft:apple":1,"minecraft:bow":1,"minecraft:wheat_seeds":33,"minecraft:cobbled_deepslate":176,"minecraft:iron_ingot":4,"minecraft:beef":4,"minecraft:oak_boat":2,"minecraft:iron_pickaxe":1,"minecraft:fletching_table":1,"minecraft:sugar_cane":19,"minecraft:stone_hoe":1,"minecraft:furnace":1,"minecraft:raw_iron":44,"minecraft:stick":3,"minecraft:composter":7,"minecraft:torch":1,"minecraft:dandelion":3,"minecraft:gravel":1,"minecraft:sand":108,"minecraft:white_bed":4,"minecraft:spider_eye":2,"minecraft:beetroot_seeds":4,"minecraft:rotten_flesh":7,"minecraft:arrow":13,"minecraft:diamond":40,"minecraft:hay_block":56,"minecraft:granite":3,"minecraft:oak_sapling":6,"minecraft:coal":61,"minecraft:cobblestone":190},"minecraft:killed":{"minecraft:wolf":2,"minecraft:spider":4,"minecraft:iron_golem":1,"minecraft:creeper":3,"minecraft:skeleton":8,"minecraft:zombie":15,"minecraft:cow":2},"minecraft:mined":{"minecraft:tuff":20,"minecraft:white_bed":4,"minecraft:farmland":4,"minecraft:deepslate_diamond_ore":40,"minecraft:dandelion":2,"minecraft:crafting_table":5,"minecraft:torch":1,"minecraft:granite":34,"minecraft:grass_block":243,"minecraft:glass":1,"minecraft:tall_grass":67,"minecraft:cobblestone":9,"minecraft:composter":6,"minecraft:sugar_cane":7,"minecraft:diorite":32,"minecraft:hay_block":56,"minecraft:iron_ore":38,"minecraft:cobbled_deepslate":1,"minecraft:andesite":17,"minecraft:deepslate_iron_ore":7,"minecraft:deepslate_lapis_ore":4,"minecraft:yellow_bed":2,"minecraft:fletching_table":1,"minecraft:azure_bluet":1,"minecraft:potatoes":3,"minecraft:grass":154,"minecraft:oak_log":19,"minecraft:coal_ore":56,"minecraft:gravel":1,"minecraft:dirt_path":7,"minecraft:sand":108,"minecraft:dirt":266,"minecraft:stone":230,"minecraft:deepslate":178,"minecraft:oak_leaves":4},"minecraft:dropped":{"minecraft:gravel":1,"minecraft:stone_hoe":1,"minecraft:composter":1,"minecraft:rotten_flesh":7,"minecraft:leather":1,"minecraft:azure_bluet":1,"minecraft:dirt":4,"minecraft:gunpowder":2,"minecraft:beetroot_seeds":4,"minecraft:spider_eye":2,"minecraft:sand":12,"minecraft:arrow":3,"minecraft:iron_pickaxe":1,"minecraft:dandelion":4}},"DataVersion":3465}