{"stats":{"minecraft:picked_up":{"minecraft:crafting_table":1,"minecraft:azure_bluet":1,"minecraft:composter":1,"minecraft:leather":1,"minecraft:dandelion":3,"minecraft:oak_log":8,"minecraft:white_bed":1,"minecraft:dirt":160,"minecraft:wheat_seeds":20,"minecraft:hay_block":56,"minecraft:beef":4,"minecraft:fletching_table":1,"minecraft:sugar_cane":19,"minecraft:coal":7,"minecraft:cobblestone":9},"minecraft:broken":{"minecraft:stone_shovel":1},"minecraft:used":{"minecraft:stone_shovel":141,"minecraft:bread":3,"minecraft:stone_pickaxe":13,"minecraft:wooden_pickaxe":3,"minecraft:stone_hoe":59,"minecraft:stone_axe":15,"minecraft:dirt":160,"minecraft:hay_block":1,"minecraft:crafting_table":2,"minecraft:white_bed":1},"minecraft:crafted":{"minecraft:oak_planks":16,"minecraft:stone_shovel":1,"minecraft:crafting_table":1,"minecraft:stick":16,"minecraft:wooden_pickaxe":1,"minecraft:stone_pickaxe":1,"minecraft:stone_hoe":1,"minecraft:stone_axe":1,"minecraft:bread":64,"minecraft:wheat":495},"minecraft:custom":{"minecraft:time_since_rest":1270,"minecraft:sprint_one_cm":61723,"minecraft:damage_taken":20,"minecraft:walk_one_cm":92271,"minecraft:mob_kills":2,"minecraft:damage_dealt":210,"minecraft:swim_one_cm":10077,"minecraft:interact_with_crafting_table":7,"minecraft:fly_one_cm":72457,"minecraft:open_chest":1,"minecraft:crouch_one_cm":4237,"minecraft:play_time":24441,"minecraft:sneak_time":1015,"minecraft:walk_under_water_one_cm":2602,"minecraft:jump":445,"minecraft:walk_on_water_one_cm":5443,"minecraft:leave_game":2,"minecraft:time_since_death":24441,"minecraft:sleep_in_bed":2,"minecraft:total_world_time":24441,"minecraft:fall_one_cm":8681},"minecraft:mined":{"minecraft:hay_block":56,"minecraft:white_bed":1,"minecraft:dandelion":2,"minecraft:azure_bluet":1,"minecraft:fletching_table":1,"minecraft:crafting_table":1,"minecraft:grass":115,"minecraft:coal_ore":7,"minecraft:grass_block":122,"minecraft:oak_log":8,"minecraft:dirt_path":1,"minecraft:dirt":37,"minecraft:tall_grass":38,"minecraft:composter":1,"minecraft:stone":9,"minecraft:sugar_cane":7,"minecraft:oak_leaves":3},"minecraft:killed":{"minecraft:cow":2}},"DataVersion":3465}