{"stats":{"minecraft:broken":{"minecraft:iron_shovel":1,"minecraft:stone_shovel":1,"minecraft:stone_hoe":1},"minecraft:crafted":{"minecraft:oak_planks":36,"minecraft:stone_shovel":1,"minecraft:crafting_table":1,"minecraft:wooden_pickaxe":1,"minecraft:furnace":2,"minecraft:bucket":1,"minecraft:stone_axe":1,"minecraft:bread":64,"minecraft:air":0,"minecraft:oak_trapdoor":4,"minecraft:stick":16,"minecraft:iron_ingot":7,"minecraft:stone_pickaxe":1,"minecraft:iron_shovel":2,"minecraft:stone_hoe":2,"minecraft:wheat":495},"minecraft:custom":{"minecraft:interact_with_furnace":6,"minecraft:mob_kills":15,"minecraft:interact_with_crafting_table":16,"minecraft:leave_game":4,"minecraft:time_since_death":57496,"minecraft:sleep_in_bed":4,"minecraft:time_since_rest":2410,"minecraft:sprint_one_cm":144233,"minecraft:damage_taken":360,"minecraft:walk_one_cm":212900,"minecraft:drop":5,"minecraft:damage_dealt":2204,"minecraft:swim_one_cm":10077,"minecraft:fly_one_cm":290720,"minecraft:open_chest":1,"minecraft:crouch_one_cm":16895,"minecraft:play_time":57496,"minecraft:sneak_time":3807,"minecraft:walk_under_water_one_cm":2602,"minecraft:jump":1131,"minecraft:walk_on_water_one_cm":8602,"minecraft:total_world_time":57496,"minecraft:fall_one_cm":33848},"minecraft:used":{"minecraft:oak_trapdoor":4,"minecraft:water_bucket":2,"minecraft:iron_shovel":406,"minecraft:stone_shovel":141,"minecraft:stone_pickaxe":85,"minecraft:wooden_pickaxe":3,"minecraft:stone_hoe":158,"minecraft:dirt":265,"minecraft:crafting_table":4,"minecraft:white_bed":1,"minecraft:bread":11,"minecraft:stone_axe":42,"minecraft:cobblestone":3,"minecraft:hay_block":1,"minecraft:furnace":3,"minecraft:bucket":2,"minecraft:potato":5},"minecraft:picked_up":{"minecraft:crafting_table":3,"minecraft:azure_bluet":1,"minecraft:leather":1,"minecraft:oak_log":14,"minecraft:gunpowder":2,"minecraft:string":3,"minecraft:dirt":484,"minecraft:apple":1,"minecraft:wheat_seeds":29,"minecraft:beef":4,"minecraft:fletching_table":1,"minecraft:sugar_cane":19,"minecraft:furnace":1,"minecraft:raw_iron":7,"minecraft:stick":3,"minecraft:composter":1,"minecraft:dandelion":3,"minecraft:sand":107,"minecraft:white_bed":1,"minecraft:spider_eye":2,"minecraft:hay_block":56,"minecraft:oak_sapling":6,"minecraft:coal":28,"minecraft:cobblestone":58},"minecraft:killed":{"minecraft:wolf":2,"minecraft:spider":4,"minecraft:creeper":3,"minecraft:skeleton":2,"minecraft:zombie":2,"minecraft:cow":2},"minecraft:mined":{"minecraft:white_bed":1,"minecraft:farmland":4,"minecraft:dandelion":2,"minecraft:crafting_table":2,"minecraft:grass_block":239,"minecraft:tall_grass":51,"minecraft:composter":1,"minecraft:sugar_cane":7,"minecraft:hay_block":56,"minecraft:iron_ore":7,"minecraft:fletching_table":1,"minecraft:azure_bluet":1,"minecraft:grass":130,"minecraft:oak_log":14,"minecraft:coal_ore":23,"minecraft:dirt_path":6,"minecraft:sand":107,"minecraft:dirt":230,"minecraft:stone":58,"minecraft:oak_leaves":4},"minecraft:dropped":{"minecraft:dirt":1,"minecraft:gunpowder":2,"minecraft:spider_eye":1,"minecraft:sand":12}},"DataVersion":3465}