{"stats":{"minecraft:broken":{"minecraft:iron_shovel":1,"minecraft:stone_axe":1,"minecraft:stone_shovel":1,"minecraft:stone_hoe":1},"minecraft:crafted":{"minecraft:oak_slab":18,"minecraft:oak_planks":76,"minecraft:stone_shovel":1,"minecraft:barrel":1,"minecraft:crafting_table":2,"minecraft:wooden_pickaxe":1,"minecraft:furnace":2,"minecraft:bone_meal":6,"minecraft:bucket":1,"minecraft:stone_axe":1,"minecraft:bread":64,"minecraft:air":0,"minecraft:oak_trapdoor":4,"minecraft:oak_boat":2,"minecraft:glass":96,"minecraft:diamond_pickaxe":1,"minecraft:white_dye":2,"minecraft:stick":20,"minecraft:iron_ingot":7,"minecraft:iron_pickaxe":2,"minecraft:stone_pickaxe":1,"minecraft:iron_shovel":2,"minecraft:white_bed":2,"minecraft:composter":2,"minecraft:torch":4,"minecraft:stone_hoe":2,"minecraft:wheat":495},"minecraft:custom":{"minecraft:interact_with_furnace":25,"minecraft:mob_kills":28,"minecraft:interact_with_crafting_table":24,"minecraft:open_barrel":2,"minecraft:leave_game":4,"minecraft:time_since_death":81496,"minecraft:sleep_in_bed":5,"minecraft:time_since_rest":13227,"minecraft:sprint_one_cm":205682,"minecraft:damage_taken":460,"minecraft:walk_one_cm":269776,"minecraft:drop":14,"minecraft:damage_dealt":5437,"minecraft:swim_one_cm":10077,"minecraft:fly_one_cm":401074,"minecraft:open_chest":5,"minecraft:crouch_one_cm":29519,"minecraft:play_time":81496,"minecraft:sneak_time":8001,"minecraft:walk_under_water_one_cm":2602,"minecraft:boat_one_cm":15737,"minecraft:jump":1460,"minecraft:walk_on_water_one_cm":10011,"minecraft:total_world_time":81496,"minecraft:fall_one_cm":44777},"minecraft:used":{"minecraft:oak_trapdoor":4,"minecraft:water_bucket":3,"minecraft:iron_shovel":407,"minecraft:stone_shovel":141,"minecraft:stone_pickaxe":94,"minecraft:wooden_pickaxe":3,"minecraft:composter":7,"minecraft:stone_hoe":160,"minecraft:torch":4,"minecraft:dirt":323,"minecraft:crafting_table":5,"minecraft:white_bed":6,"minecraft:granite":3,"minecraft:glass":96,"minecraft:diamond_pickaxe":38,"minecraft:bread":16,"minecraft:iron_pickaxe":165,"minecraft:barrel":1,"minecraft:stone_axe":83,"minecraft:cobblestone":3,"minecraft:hay_block":1,"minecraft:furnace":3,"minecraft:bucket":3,"minecraft:oak_boat":4,"minecraft:cobbled_deepslate":2,"minecraft:potato":13,"minecraft:bone_meal":4},"minecraft:picked_up":{"minecraft:crafting_table":4,"minecraft:azure_bluet":1,"minecraft:andesite":3,"minecraft:leather":1,"minecraft:potato":8,"minecraft:oak_log":19,"minecraft:yellow_bed":2,"minecraft:gunpowder":2,"minecraft:string":3,"minecraft:dirt":494,"minecraft:bone":2,"minecraft:apple":1,"minecraft:wheat_seeds":33,"minecraft:cobbled_deepslate":46,"minecraft:iron_ingot":4,"minecraft:beef":4,"minecraft:oak_boat":2,"minecraft:fletching_table":1,"minecraft:sugar_cane":19,"minecraft:stone_hoe":1,"minecraft:furnace":1,"minecraft:raw_iron":27,"minecraft:stick":3,"minecraft:composter":7,"minecraft:torch":1,"minecraft:dandelion":3,"minecraft:sand":108,"minecraft:white_bed":4,"minecraft:spider_eye":2,"minecraft:rotten_flesh":7,"minecraft:arrow":3,"minecraft:diamond":9,"minecraft:hay_block":56,"minecraft:granite":3,"minecraft:oak_sapling":6,"minecraft:coal":58,"minecraft:cobblestone":155},"minecraft:killed":{"minecraft:wolf":2,"minecraft:spider":4,"minecraft:iron_golem":1,"minecraft:creeper":3,"minecraft:skeleton":2,"minecraft:zombie":14,"minecraft:cow":2},"minecraft:mined":{"minecraft:white_bed":4,"minecraft:farmland":4,"minecraft:deepslate_diamond_ore":9,"minecraft:dandelion":2,"minecraft:crafting_table":3,"minecraft:torch":1,"minecraft:granite":3,"minecraft:grass_block":239,"minecraft:glass":1,"minecraft:tall_grass":67,"minecraft:cobblestone":1,"minecraft:composter":6,"minecraft:sugar_cane":7,"minecraft:hay_block":56,"minecraft:iron_ore":28,"minecraft:cobbled_deepslate":1,"minecraft:andesite":3,"minecraft:yellow_bed":2,"minecraft:fletching_table":1,"minecraft:azure_bluet":1,"minecraft:potatoes":3,"minecraft:grass":154,"minecraft:oak_log":19,"minecraft:coal_ore":53,"minecraft:dirt_path":7,"minecraft:sand":108,"minecraft:dirt":239,"minecraft:stone":154,"minecraft:deepslate":45,"minecraft:oak_leaves":4},"minecraft:dropped":{"minecraft:stone_hoe":1,"minecraft:composter":1,"minecraft:leather":1,"minecraft:azure_bluet":1,"minecraft:dirt":1,"minecraft:gunpowder":2,"minecraft:spider_eye":2,"minecraft:sand":12,"minecraft:arrow":3,"minecraft:dandelion":4}},"DataVersion":3465}