{"stats":{"minecraft:crafted":{"minecraft:oak_planks":16,"minecraft:stone_axe":1,"minecraft:crafting_table":1,"minecraft:stick":8,"minecraft:stone_pickaxe":1,"minecraft:wooden_pickaxe":1},"minecraft:used":{"minecraft:stone_axe":7,"minecraft:dirt":3,"minecraft:crafting_table":1,"minecraft:stone_pickaxe":3,"minecraft:white_bed":1,"minecraft:wooden_pickaxe":3},"minecraft:custom":{"minecraft:time_since_rest":6723,"minecraft:crouch_one_cm":792,"minecraft:play_time":6723,"minecraft:sprint_one_cm":26337,"minecraft:damage_taken":20,"minecraft:walk_one_cm":8053,"minecraft:sneak_time":306,"minecraft:walk_under_water_one_cm":945,"minecraft:jump":118,"minecraft:leave_game":1,"minecraft:damage_dealt":10,"minecraft:time_since_death":6723,"minecraft:walk_on_water_one_cm":4945,"minecraft:total_world_time":6723,"minecraft:swim_one_cm":10077,"minecraft:interact_with_crafting_table":4,"minecraft:fall_one_cm":2897,"minecraft:fly_one_cm":28102},"minecraft:picked_up":{"minecraft:crafting_table":1,"minecraft:wheat_seeds":3,"minecraft:oak_log":8,"minecraft:white_bed":1,"minecraft:sugar_cane":16,"minecraft:dirt":3,"minecraft:cobblestone":6},"minecraft:mined":{"minecraft:grass":26,"minecraft:grass_block":1,"minecraft:oak_log":8,"minecraft:white_bed":1,"minecraft:dirt_path":1,"minecraft:dirt":1,"minecraft:tall_grass":7,"minecraft:stone":6,"minecraft:sugar_cane":6,"minecraft:crafting_table":1,"minecraft:oak_leaves":3}},"DataVersion":3465}