{"stats":{"minecraft:broken":{"minecraft:iron_shovel":1,"minecraft:stone_shovel":1,"minecraft:stone_hoe":1},"minecraft:crafted":{"minecraft:oak_planks":36,"minecraft:stone_shovel":1,"minecraft:crafting_table":1,"minecraft:wooden_pickaxe":1,"minecraft:furnace":1,"minecraft:bucket":1,"minecraft:stone_axe":1,"minecraft:bread":64,"minecraft:air":0,"minecraft:oak_trapdoor":4,"minecraft:stick":16,"minecraft:iron_ingot":7,"minecraft:stone_pickaxe":1,"minecraft:iron_shovel":2,"minecraft:stone_hoe":2,"minecraft:wheat":495},"minecraft:custom":{"minecraft:interact_with_furnace":4,"minecraft:mob_kills":11,"minecraft:interact_with_crafting_table":14,"minecraft:leave_game":4,"minecraft:time_since_death":53442,"minecraft:sleep_in_bed":3,"minecraft:time_since_rest":17430,"minecraft:sprint_one_cm":126324,"minecraft:damage_taken":255,"minecraft:walk_one_cm":202303,"minecraft:drop":2,"minecraft:damage_dealt":1758,"minecraft:swim_one_cm":10077,"minecraft:fly_one_cm":269191,"minecraft:open_chest":1,"minecraft:crouch_one_cm":14780,"minecraft:play_time":53442,"minecraft:sneak_time":3323,"minecraft:walk_under_water_one_cm":2602,"minecraft:jump":1024,"minecraft:walk_on_water_one_cm":8602,"minecraft:total_world_time":53442,"minecraft:fall_one_cm":31963},"minecraft:used":{"minecraft:oak_trapdoor":4,"minecraft:water_bucket":2,"minecraft:iron_shovel":406,"minecraft:stone_shovel":141,"minecraft:stone_pickaxe":69,"minecraft:wooden_pickaxe":3,"minecraft:stone_hoe":158,"minecraft:dirt":265,"minecraft:crafting_table":3,"minecraft:white_bed":1,"minecraft:bread":8,"minecraft:stone_axe":36,"minecraft:cobblestone":3,"minecraft:hay_block":1,"minecraft:furnace":1,"minecraft:bucket":2,"minecraft:potato":5},"minecraft:picked_up":{"minecraft:crafting_table":2,"minecraft:azure_bluet":1,"minecraft:leather":1,"minecraft:oak_log":14,"minecraft:gunpowder":1,"minecraft:dirt":479,"minecraft:apple":1,"minecraft:wheat_seeds":27,"minecraft:beef":4,"minecraft:fletching_table":1,"minecraft:sugar_cane":19,"minecraft:raw_iron":7,"minecraft:stick":3,"minecraft:composter":1,"minecraft:dandelion":3,"minecraft:sand":107,"minecraft:white_bed":1,"minecraft:spider_eye":1,"minecraft:hay_block":56,"minecraft:oak_sapling":6,"minecraft:coal":7,"minecraft:cobblestone":58},"minecraft:killed":{"minecraft:wolf":2,"minecraft:spider":2,"minecraft:creeper":3,"minecraft:skeleton":2,"minecraft:cow":2},"minecraft:mined":{"minecraft:white_bed":1,"minecraft:farmland":4,"minecraft:dandelion":2,"minecraft:crafting_table":2,"minecraft:grass_block":239,"minecraft:tall_grass":46,"minecraft:sugar_cane":7,"minecraft:composter":1,"minecraft:hay_block":56,"minecraft:iron_ore":7,"minecraft:fletching_table":1,"minecraft:azure_bluet":1,"minecraft:grass":130,"minecraft:coal_ore":7,"minecraft:oak_log":14,"minecraft:dirt_path":6,"minecraft:sand":107,"minecraft:dirt":230,"minecraft:stone":58,"minecraft:oak_leaves":4},"minecraft:dropped":{"minecraft:dirt":1,"minecraft:sand":12}},"DataVersion":3465}