{"stats":{"minecraft:broken":{"minecraft:iron_shovel":1,"minecraft:stone_shovel":1,"minecraft:stone_hoe":1},"minecraft:crafted":{"minecraft:oak_slab":18,"minecraft:oak_planks":56,"minecraft:stone_shovel":1,"minecraft:crafting_table":1,"minecraft:wooden_pickaxe":1,"minecraft:furnace":2,"minecraft:bone_meal":6,"minecraft:bucket":1,"minecraft:stone_axe":1,"minecraft:bread":64,"minecraft:air":0,"minecraft:oak_trapdoor":4,"minecraft:oak_boat":2,"minecraft:glass":94,"minecraft:white_dye":2,"minecraft:stick":16,"minecraft:iron_ingot":7,"minecraft:stone_pickaxe":1,"minecraft:iron_shovel":2,"minecraft:white_bed":2,"minecraft:composter":2,"minecraft:stone_hoe":2,"minecraft:wheat":495},"minecraft:custom":{"minecraft:interact_with_furnace":18,"minecraft:mob_kills":16,"minecraft:interact_with_crafting_table":19,"minecraft:leave_game":4,"minecraft:time_since_death":69496,"minecraft:sleep_in_bed":5,"minecraft:time_since_rest":1227,"minecraft:sprint_one_cm":183191,"minecraft:damage_taken":385,"minecraft:walk_one_cm":251480,"minecraft:drop":14,"minecraft:damage_dealt":2244,"minecraft:swim_one_cm":10077,"minecraft:fly_one_cm":355669,"minecraft:open_chest":1,"minecraft:crouch_one_cm":18849,"minecraft:play_time":69496,"minecraft:sneak_time":4268,"minecraft:walk_under_water_one_cm":2602,"minecraft:boat_one_cm":15737,"minecraft:jump":1338,"minecraft:walk_on_water_one_cm":9478,"minecraft:total_world_time":69496,"minecraft:fall_one_cm":40240},"minecraft:used":{"minecraft:oak_trapdoor":4,"minecraft:water_bucket":3,"minecraft:iron_shovel":407,"minecraft:stone_shovel":141,"minecraft:stone_pickaxe":94,"minecraft:wooden_pickaxe":3,"minecraft:composter":7,"minecraft:stone_hoe":159,"minecraft:dirt":296,"minecraft:crafting_table":4,"minecraft:white_bed":6,"minecraft:glass":91,"minecraft:bread":15,"minecraft:stone_axe":47,"minecraft:cobblestone":3,"minecraft:hay_block":1,"minecraft:furnace":3,"minecraft:bucket":3,"minecraft:oak_boat":4,"minecraft:potato":5},"minecraft:picked_up":{"minecraft:crafting_table":3,"minecraft:azure_bluet":1,"minecraft:leather":1,"minecraft:oak_log":14,"minecraft:yellow_bed":2,"minecraft:gunpowder":2,"minecraft:string":3,"minecraft:dirt":491,"minecraft:bone":2,"minecraft:apple":1,"minecraft:wheat_seeds":32,"minecraft:beef":4,"minecraft:oak_boat":2,"minecraft:fletching_table":1,"minecraft:sugar_cane":19,"minecraft:stone_hoe":1,"minecraft:furnace":1,"minecraft:raw_iron":7,"minecraft:stick":3,"minecraft:composter":7,"minecraft:dandelion":3,"minecraft:sand":107,"minecraft:white_bed":4,"minecraft:spider_eye":2,"minecraft:arrow":3,"minecraft:hay_block":56,"minecraft:oak_sapling":6,"minecraft:coal":37,"minecraft:cobblestone":58},"minecraft:killed":{"minecraft:wolf":2,"minecraft:spider":4,"minecraft:creeper":3,"minecraft:skeleton":2,"minecraft:zombie":3,"minecraft:cow":2},"minecraft:mined":{"minecraft:white_bed":4,"minecraft:farmland":4,"minecraft:dandelion":2,"minecraft:crafting_table":2,"minecraft:grass_block":239,"minecraft:glass":1,"minecraft:tall_grass":53,"minecraft:composter":6,"minecraft:sugar_cane":7,"minecraft:hay_block":56,"minecraft:iron_ore":7,"minecraft:yellow_bed":2,"minecraft:fletching_table":1,"minecraft:azure_bluet":1,"minecraft:grass":150,"minecraft:oak_log":14,"minecraft:coal_ore":32,"minecraft:dirt_path":7,"minecraft:sand":107,"minecraft:dirt":236,"minecraft:stone":58,"minecraft:oak_leaves":4},"minecraft:dropped":{"minecraft:stone_hoe":1,"minecraft:composter":1,"minecraft:leather":1,"minecraft:azure_bluet":1,"minecraft:dirt":1,"minecraft:gunpowder":2,"minecraft:spider_eye":2,"minecraft:sand":12,"minecraft:arrow":3,"minecraft:dandelion":4}},"DataVersion":3465}